{
    "$schema": "http://schema.management.azure.com/schemas/2015-01-01/deploymentTemplate.json#",
    "contentVersion": "1.0.0.0",
    "parameters": {
        "factoryName": {
            "type": "string",
            "metadata": "Data Factory name",
            "defaultValue": "datafactory2426"
        },
        "AzureBlobStorage1_connectionString": {
            "type": "secureString",
            "metadata": "Secure string for 'connectionString' of 'AzureBlobStorage1'"
        },
        "AzureSqlDatabase1_connectionString": {
            "type": "secureString",
            "metadata": "Secure string for 'connectionString' of 'AzureSqlDatabase1'"
        }
    },
    "variables": {
        "factoryId": "[concat('Microsoft.DataFactory/factories/', parameters('factoryName'))]"
    },
    "resources": [
        {
            "name": "[concat(parameters('factoryName'), '/AzureBlobStorage1')]",
            "type": "Microsoft.DataFactory/factories/linkedServices",
            "apiVersion": "2018-06-01",
            "properties": {
                "annotations": [],
                "type": "AzureBlobStorage",
                "typeProperties": {
                    "connectionString": "[parameters('AzureBlobStorage1_connectionString')]"
                }
            },
            "dependsOn": []
        },
        {
            "name": "[concat(parameters('factoryName'), '/AzureSqlDatabase1')]",
            "type": "Microsoft.DataFactory/factories/linkedServices",
            "apiVersion": "2018-06-01",
            "properties": {
                "annotations": [],
                "type": "AzureSqlDatabase",
                "typeProperties": {
                    "connectionString": "[parameters('AzureSqlDatabase1_connectionString')]"
                }
            },
            "dependsOn": []
        },
        {
            "name": "[concat(parameters('factoryName'), '/source')]",
            "type": "Microsoft.DataFactory/factories/datasets",
            "apiVersion": "2018-06-01",
            "properties": {
                "linkedServiceName": {
                    "referenceName": "AzureBlobStorage1",
                    "type": "LinkedServiceReference"
                },
                "annotations": [],
                "type": "DelimitedText",
                "typeProperties": {
                    "location": {
                        "type": "AzureBlobStorageLocation",
                        "fileName": "People.csv",
                        "container": "source"
                    },
                    "columnDelimiter": ",",
                    "escapeChar": "\\",
                    "firstRowAsHeader": true,
                    "quoteChar": "\""
                },
                "schema": [
                    {
                        "name": "id",
                        "type": "String"
                    },
                    {
                        "name": "first_name",
                        "type": "String"
                    },
                    {
                        "name": "last_name",
                        "type": "String"
                    },
                    {
                        "name": "age",
                        "type": "String"
                    },
                    {
                        "name": "hobby",
                        "type": "String"
                    }
                ]
            },
            "dependsOn": [
                "[concat(variables('factoryId'), '/linkedServices/AzureBlobStorage1')]"
            ]
        },
        {
            "name": "[concat(parameters('factoryName'), '/sink')]",
            "type": "Microsoft.DataFactory/factories/datasets",
            "apiVersion": "2018-06-01",
            "properties": {
                "linkedServiceName": {
                    "referenceName": "AzureSqlDatabase1",
                    "type": "LinkedServiceReference"
                },
                "annotations": [],
                "type": "AzureSqlTable",
                "schema": [
                    {
                        "name": "key",
                        "type": "int",
                        "precision": 10
                    },
                    {
                        "name": "active",
                        "type": "bit"
                    },
                    {
                        "name": "created",
                        "type": "datetime",
                        "precision": 23,
                        "scale": 3
                    },
                    {
                        "name": "id",
                        "type": "int",
                        "precision": 10
                    },
                    {
                        "name": "first_name",
                        "type": "nvarchar"
                    },
                    {
                        "name": "last_name",
                        "type": "nvarchar"
                    },
                    {
                        "name": "age",
                        "type": "int",
                        "precision": 10
                    },
                    {
                        "name": "hobby",
                        "type": "nvarchar"
                    }
                ],
                "typeProperties": {
                    "schema": "dbo",
                    "table": "People_Dimensions"
                }
            },
            "dependsOn": [
                "[concat(variables('factoryId'), '/linkedServices/AzureSqlDatabase1')]"
            ]
        },
        {
            "name": "[concat(parameters('factoryName'), '/dataflow1')]",
            "type": "Microsoft.DataFactory/factories/dataflows",
            "apiVersion": "2018-06-01",
            "properties": {
                "type": "MappingDataFlow",
                "typeProperties": {
                    "sources": [
                        {
                            "dataset": {
                                "referenceName": "source",
                                "type": "DatasetReference"
                            },
                            "name": "BlobSource"
                        },
                        {
                            "dataset": {
                                "referenceName": "sink",
                                "type": "DatasetReference"
                            },
                            "name": "SinkAsSource"
                        }
                    ],
                    "sinks": [
                        {
                            "dataset": {
                                "referenceName": "sink",
                                "type": "DatasetReference"
                            },
                            "name": "InsertNewRecords"
                        },
                        {
                            "dataset": {
                                "referenceName": "sink",
                                "type": "DatasetReference"
                            },
                            "name": "UpdateOldRecords"
                        }
                    ],
                    "transformations": [
                        {
                            "name": "GetOldRecords"
                        },
                        {
                            "name": "SetActiveFalse"
                        },
                        {
                            "name": "AddKeyRoot"
                        },
                        {
                            "name": "MaxKey"
                        },
                        {
                            "name": "AddMaxKey"
                        },
                        {
                            "name": "CalculateNewKey"
                        },
                        {
                            "name": "AddActiveAndCreated"
                        },
                        {
                            "name": "AlterAllRows"
                        }
                    ],
                    "script": "source(output(\n\t\tid as integer,\n\t\tfirst_name as string,\n\t\tlast_name as string,\n\t\tage as integer,\n\t\thobby as string\n\t),\n\tallowSchemaDrift: true,\n\tvalidateSchema: false,\n\tignoreNoFilesFound: false) ~> BlobSource\nsource(output(\n\t\tkey as integer,\n\t\tactive as boolean,\n\t\tcreated as timestamp,\n\t\tid as integer,\n\t\tfirst_name as string,\n\t\tlast_name as string,\n\t\tage as integer,\n\t\thobby as string\n\t),\n\tallowSchemaDrift: true,\n\tvalidateSchema: false,\n\tignoreNoFilesFound: false,\n\tisolationLevel: 'READ_UNCOMMITTED',\n\tformat: 'table') ~> SinkAsSource\nBlobSource, SinkAsSource join(and(BlobSource@id==SinkAsSource@id,active==true()),\n\tjoinType:'cross',\n\tbroadcast: 'auto')~> GetOldRecords\nGetOldRecords derive(active = false()) ~> SetActiveFalse\nBlobSource keyGenerate(output(key_root as long),\n\tstartAt: 1L) ~> AddKeyRoot\nSinkAsSource aggregate(max_key = iifNull(max(key),0)) ~> MaxKey\nAddKeyRoot, MaxKey join(and(not(isNull(id)),not(isNull(max_key))),\n\tjoinType:'cross',\n\tbroadcast: 'auto')~> AddMaxKey\nAddMaxKey derive(key = toInteger(add(key_root,max_key))) ~> CalculateNewKey\nCalculateNewKey derive(active = true(),\n\t\tcreated = currentUTC()) ~> AddActiveAndCreated\nSetActiveFalse alterRow(updateIf(true())) ~> AlterAllRows\nAddActiveAndCreated sink(input(\n\t\tkey as integer,\n\t\tactive as boolean,\n\t\tcreated as timestamp,\n\t\tid as integer,\n\t\tfirst_name as string,\n\t\tlast_name as string,\n\t\tage as integer,\n\t\thobby as string\n\t),\n\tallowSchemaDrift: true,\n\tvalidateSchema: false,\n\tdeletable:false,\n\tinsertable:true,\n\tupdateable:false,\n\tupsertable:false,\n\tformat: 'table',\n\tmapColumn(\n\t\tkey,\n\t\tid,\n\t\tfirst_name,\n\t\tlast_name,\n\t\tage,\n\t\thobby,\n\t\tactive,\n\t\tcreated\n\t),\n\tskipDuplicateMapInputs: true,\n\tskipDuplicateMapOutputs: true,\n\terrorHandlingOption: 'stopOnFirstError') ~> InsertNewRecords\nAlterAllRows sink(input(\n\t\tkey as integer,\n\t\tactive as boolean,\n\t\tcreated as timestamp,\n\t\tid as integer,\n\t\tfirst_name as string,\n\t\tlast_name as string,\n\t\tage as integer,\n\t\thobby as string\n\t),\n\tallowSchemaDrift: true,\n\tvalidateSchema: false,\n\tdeletable:false,\n\tinsertable:false,\n\tupdateable:true,\n\tupsertable:false,\n\tkeys:['key'],\n\tformat: 'table',\n\tmapColumn(\n\t\tactive,\n\t\tkey\n\t),\n\tskipDuplicateMapInputs: true,\n\tskipDuplicateMapOutputs: true,\n\terrorHandlingOption: 'stopOnFirstError') ~> UpdateOldRecords"
                }
            },
            "dependsOn": [
                "[concat(variables('factoryId'), '/datasets/source')]",
                "[concat(variables('factoryId'), '/datasets/sink')]"
            ]
        },
        {
            "name": "[concat(parameters('factoryName'), '/pipeline1')]",
            "type": "Microsoft.DataFactory/factories/pipelines",
            "apiVersion": "2018-06-01",
            "properties": {
                "activities": [
                    {
                        "name": "dataflow1",
                        "type": "ExecuteDataFlow",
                        "dependsOn": [],
                        "policy": {
                            "timeout": "7.00:00:00",
                            "retry": 0,
                            "retryIntervalInSeconds": 30,
                            "secureOutput": false,
                            "secureInput": false
                        },
                        "userProperties": [],
                        "typeProperties": {
                            "dataflow": {
                                "referenceName": "dataflow1",
                                "type": "DataFlowReference",
                                "parameters": {},
                                "datasetParameters": {
                                    "BlobSource": {},
                                    "SinkAsSource": {},
                                    "InsertNewRecords": {},
                                    "UpdateOldRecords": {}
                                }
                            },
                            "staging": {},
                            "compute": {
                                "coreCount": 8,
                                "computeType": "General"
                            },
                            "traceLevel": "Fine"
                        }
                    }
                ],
                "annotations": [],
                "lastPublishTime": "2021-03-22T20:05:35Z"
            },
            "dependsOn": [
                "[concat(variables('factoryId'), '/dataflows/dataflow1')]"
            ]
        }
    ]
}